input;actual;prediction
250 ml Boni rietsuikersiroop;250ml Boni rietsuikersiroop;250 ml rietsuikersiroop
2 bokalen Spar rolmops;2 bokalen Spar rolmops;2 rolmops
25 cl Boni volle yoghurt;25cl Boni volle yoghurt;25 cl yoghurt
Spar haringfilets;Spar haringfilets;Spar haringfilets
1 klein blik Boni Selection gebroken sperziebonen;1 klein blik Boni Selection gebroken sperziebonen;1 blik sperziebonen
75 g Spar cashewnoten;75g Spar cashewnoten;75 g cashewnoten
12 Spar Tasty walnoten;12 Spar Tasty walnoten;12 Spar Tasty walnoten
50 g verse frambozen;50g verse frambozen;50 g verse frambozen
500 g verse frambozen;500g verse frambozen;500 g verse frambozen
400 g Spar skrei of kabeljauwhaasje;400g Spar skrei;400 g Spar skrei
8 minimozzarellabolletjes;8 minimozzarellabolletjes;8 mozzarella-bolletjes
1 kl Boni arachideolie;1 kl Boni arachideolie;1 kl arachideolie
6 cl schuimwijn;6cl schuimwijn;6 cl schuimwijn
6 takje verse rozemarijn;6 takjes verse rozemarijn;60 g verse rozemarijn takje
4 gedroogde tomaten op olie;4 gedroogde tomaten op olie;4 gedroogde tomaten
150 g blonde cassonade;150g blonde cassonade;150 g blonde cassonade
400 g vastkokende aardappelen of krielaardappelen;400g vastkokende aardappelen;400 g aardappelen
400 g varkenswangetjes;400g varkenswangetjes;400 g varkenswangetjes
100 g volkoren speltmeel;100g volkoren speltmeel;100 g volkoren speltmeel
12 cl water;12cl water;12 cl water
4 eetl. tapenades Sweet Pepper (versmarkt);4 eetl. tapenades Sweet Pepper versmarkt;4 eetl. tapenade
750 g prei;750g prei;750 g prei
6 tak groene selder;6 takken groene selder;6 takjes selder
2 rookworst;2 rookworst;2 rookworsten
geraspte mozzarella;geraspte mozzarella;Geraspte mozzarella
plantje verse koriander;1 plantje verse koriander;plantje koriander
4 sneetjes wit brood;4 sneetjes wit brood;4 sneetjes wit brood
180 g gemarineerde filets veggie (vers);180g gemarineerde filets veggie vers;180 g gemarineerde filets veggie
4 sneetjes boulotbroden dikke sneetjes;4 sneetjes boulotbrood;4 boulotbroden
1 limoenen in partjes;1 limoen in partjes;1 limoen
60 g geraspte oude Italiaanse kaas;60g geraspte oude Italiaanse kaas;60 g geraspte Italiaanse kaas
9 takjes munt (vers);9 takjes munt vers;9 takjes munt
2 Romeinse tomaten;2 Romeinse tomaten;2 Romeinse tomaten
2 koffielepels dille;2 koffielepels dille;2 koffielepels dille
37.5 cl rode wijn merlot;37.5cl rode wijn merlot;37.5 cl rode wijn merlot
1 handvol munt;1 handvol munt;1 handvol munt
0.25 kl kerrie;0.25kl kerrie;0.25 kilogram kerrie
150 g gemalen kokosnoot;150g gemalen kokosnoot;150 g gemalen kokosnoot
400 g courgettes;400g courgettes;400 g courgettes
2 preischeuten;2 preischeuten;2 preischeuten
2 verpakkingen gerookte paling;2 verpakkingen gerookte paling;2 verpakkingen gerookte paling
2 cl Grand Marnier;2cl Grand Marnier;2 cl Grand Marnier
200 g noordse garnalen (diepvries);200g noordse garnalen diepvries;200 g noordse garnalen
500 g kalfsescalopes (beenhouwerij);500g kalfsescalopes beenhouwerij;500 g kalfsescalopes
700 g bladspinazie (diepvries);700g bladspinazie diepvries;700 g bladspinazie
2 el Baileys;2 el Baileys;2 el Baileys
muffinvormpjes;muffinvormpjes;muffinvormpjes
7 eieren;7 eieren;7 eieren
40 g eendenlever (beenhouwerij);40g eendenlever beenhouwerij;40 g eendenlever
400 g gerookte Atlantische zalm (versmarkt);400g gerookte Atlantische zalm versmarkt;400 g gerookte Atlantische zalm
600 g lamsburgers (beenhouwerij);600g lamsburgers beenhouwerij;600 g lamsburger
0.5 potjes kappertjes (bokaal) liefst met steeltje;0.5 potje kappertjes in bokaal;0.5 bokaal kappertjes
160 ml water;160ml water;160 ml water
75 cl granaatappelsap;75cl granaatappelsap;750 ml granaatappelsap
150 g snijbonen;150g snijbonen;150 g snijbonen
12 cl ananassap;12cl ananassap;12 cl ananas sap
33 cl Rochefort 8;33cl Rochefort 8;33 cl Rochefort 8
150 g gekookte ham (sneetjes);150g gekookte ham sneetjes;150 g gekookte ham
Boni pizzasaus;Boni pizzasaus;1 pak Boni pizzasaus
500 g boterbonen (diepvries);500g boterbonen diepvries;500 g boterbonen
8 melkchocolade mignonettes;8 melkchocolade mignonettes;8 melkchocolade mignonettes
40 g noordzeegarnalen (versmarkt);40g noordzeegarnalen versmarkt;40 g noordzeegarnalen
2 el pikante tapenade (versmarkt);2 el pikante tapenade versmarkt;2 el tapenade
300 g couscous;300g couscous;300 g couscous
1 kg shiitake;1kg shiitake;1 kg shiitake
2 cl gin;2cl gin;2 cl gin
1 potje gefrituurde uitjes;1 potje gefrituurde uitjes;1 potje gefrituurde uitsnijdingen
6 eetlepel appelmoes;6 eetlepels appelmoes;6 eetlepels appelmoes
2 voorgekookte kreeft;2 voorgekookte kreeft;2 kreeften
10 cl La Trappe Quadrupel;10cl La Trappe Quadrupel;10 cl La Trappe Quadrupel
4 koffiel tapenade van groene olijven (versmarkt);4 koffielepels tapenade van groene olijven versmarkt;4 koffiel tapenade van groene olijven
"1 wit toastbrood of gewoon wit brood; niet gesneden";1 wit toastbrood;1 wit toastbrood
2 dl Troubadour Magma;2dl Troubadour Magma;2 dl Troubadour Magma
120 ml kriekbier;120ml kriekbier;120 ml kriekbier
2 dl visfond (bokaal);200ml visfond bokaal;200 ml visfond
1 blik artisjokharten;1 blik artisjokharten;1 blik artisjokhart
8 blaadje waterkers;8 blaadjes waterkers;8 blaadjes waterkers
4 cordon bleu (beenhouwerij);4 cordon bleu beenhouwerij;4 cordon bleu
150 g lichtbruine rietsuiker;150g lichtbruine rietsuiker;150 g lichtbruine rietsuiker
1 eetlepel vanillesuiker;1 eetlepel vanillesuiker;1 eetlepel vanillesuiker
6 platte oesters;6 platte oesters;6 platte oesters
40 g ananasstukjes op sap (blik);40g ananasstukjes op sap in blik;40 g ananasstukjes op sap
0.5 kastanjepompoenen;0.5 kastanjepompoenen;0.5 kastanjepompoen
400 g rundgehakt;400g rundgehakt;400 g rundgehakt
1 kg penne;1kg penne;1 kg penne
2 bokalen tomatenvlees met groenten (bokaal);2 bokalen tomatenvlees met groenten in bokaal;1 bokaal tomatenvlees met groenten
4 visbrochettes (diepvries);4 visbrochettes diepvries;4 visbrochettes
250 g gedroogde pruimen;250g gedroogde pruimen;250 g droge pruimen
4 sneetjes pandaworsten;4 sneetjes pandaworsten;4 pandaworsten
2 Ruby chocoladetruffels;2 Ruby chocoladetruffels;2 Ruby chocoladetruffels
"40 g groene olijven; ontpit";"40g groene olijven; ontpit";40 g groene olijven
250 g volkoren bloem;250g volkoren bloem;250 g volkoren bloem
400 g schelvisfilet;400g schelvisfilet;400 g schelvisfilet
1 rietsuiker naar smaak;1 rietsuiker;Rietsuiker
15 g passievruchtensiroop ();15g passievruchtensiroop;15 g passievruchtensiroop
1.2 zakje bakpoeder;1.2 zakjes bakpoeder;120 g bakpoeder
4 eetl gojibes;4 eetl gojibes;4 gojibes
0.5 kg ganzenvet;0.5kg ganzenvet;500 g ganzenvet
3 cl vermout;3cl vermout;3 cl vermout
12 verpakking groene asperges;12 verpakkingen groene asperges;12 verpakkingen groene asperges
20 crackers met olijven;20 crackers met olijven;20 crackers
2 blik rode bonen;2 blikken rode bonen;2 blikken rode bonen
5 kg pruimen;5kg pruimen;5 kg pruimen
1 eetlepel gemalen kaneel;1 eetlepel gemalen kaneel;1 eetlepel kaneel
400 g pasta bv farfalle of penne;400g pasta;400 g pasta
0.5 koffielepel zachte mosterd;0.5 koffielepel zachte mosterd;1 g zachte mosterd
"10 zongedroogde tomaten (versmarkt; tomatenmarinade) met basilicum";10 zongedroogde tomaten versmarkt tomatenmarinade met basilicum;10 zongedroogde tomaten
vers stokbrood;vers stokbrood;1 stuk vers stokbrood
3 blokjes vetarme groentebouillon;3 blokjes vetarme groentebouillon;3 blokjes vetarme groentebouillon
4 stukken prei;4 stukken prei;4 stukken prei
Spar garnalen;Spar garnalen;Spar garnalen
150 g blonde basterdsuiker;150g blonde basterdsuiker;150 g blonde basterdsuiker
3 varkenssneden (beenhouwerij);3 varkenssneden beenhouwerij;3 varkenssneden
50 ml Smeets extra;50ml Smeets extra;50 ml Smeets extra
5 mastellen;5 mastellen;5 mastellen
ijsblokjes facultatief;ijsblokjes;IJsblokjes
4 eetlepel tomatenstukjes (blik);4 eetlepels tomatenstukjes in blik;4 eetlepels tomatenstukjes
12 zwarte olijf zonder pit;12 zwarte olijven zonder pit;12 zwarte olijfervaarten
8 verse korianderblaadjes;8 verse korianderblaadjes;8 verse korianderblaadjes
gegaarde witlofstronkjes;gegaarde witlofstronkjes;wetlofstronkjes
2.5 eetl. sumakpoeder;2.5 eetl. sumakpoeder;250 g sumakpoeder
4 eetlepels muntsiroop;4 eetlepels muntsiroop;4 eetlepels muntsiroop
1 geitenkaas stronkje;1 geitenkaas stronkje;1 stuk geitenkaas
420 g mini-krielaardappelen met marinade;420g mini-krielaardappelen met marinade;420 g mini-krielaardappelen
1 kop quinoa;1 kop quinoa;1 kop quinoa
6 grote vastkokende aardappelen;6 grote vastkokende aardappelen;6 grote aardappelen
Dr Oetker chocoladestiften wit;Dr Oetker chocoladestiften wit;Dr Oetker chocoladestiften wit
1 verpakkingen waterkers;1 verpakking waterkers;1 verpakking waterkers
0.25 venkels;0.25 venkels;0.25 kg venkel
0.5 kl kruidnagel;0.5kl kruidnagel;0,5 kg kruidnagel
3 wittewijnazijn;3 wittewijnazijn;3 bollen wittewijnazijn
5 wittewijnazijn;5 wittewijnazijn;5 wittewijnazijn (gram niet vermeld, omdat azijn meestal niet gewogen wordt)
18 halfgedroogde kerstomaten in olie (versmarkt);18 halfgedroogde kerstomaten in olie versmarkt;18 kerstomaten
1.5 koppen rijst;1.5 koppen rijst;1.5 koppen rijst
2 eetl. zachte mosterd;2 eetl. zachte mosterd;2 eetl. zachte mosterd
0.5 bosjes verse peterselie;0.5 bosjes verse peterselie;0,5 bosjes peterselie
250 g pruimtomaten kleine;250g pruimtomaten;250 g kleine pruimtomaten
bloemkolen;1 bloemkool;(geen specificatie hoeveelheid of formaat, dus blijft bladeren)
4 Boni bio citroenen;4 Boni bio citroenen;4 Boni bio citroenen
0.5 schaaltje waterkers;0.5 schaaltje waterkers;0,5 schaaltje waterkers
5 eieren;5 eieren;5 eieren
babypeertjes (bokaal);babypeertjes (bokaal);(bokaal)
2 verpakkingen Braziliaanse bakpatatjes;2 verpakkingen Braziliaanse bakpatatjes;Bakpatatjes
15 witte asperge;15 witte asperges;15 asperges
6 stengel bleekselder;6 stengels bleekselder;6 stengels bleekselder
80 g mango;80g mango;80 g mango
125 ml zure room;125ml zure room;125 ml zure room
1 eetl olijfolie extra vierge voor de risotto;1 eetlepel olijfolie extra vierge;Olijfolie extra vierge
70 g fijne suiker;70g fijne suiker;70 g suiker
1 dl runderfond (bokaal);1 dl runderfond in bokaal;1 liter runderfond
110 g halfgedroogde tomaten;110g halfgedroogde tomaten;110 g tomaten
2 verpakkingen pizzadeeg;2 verpakkingen pizzadeeg;2 pakkten pizzadeeg
600 g Alaska pollak (diepvries);600g Alaska pollak diepvries;600 g Alaska pollak
2 belgica-appelen;2 belgica-appelen;2 Belgica-appelen
250 g Alaska pollak (diepvries);250g Alaska pollak diepvries;250 g Alaska pollak
80 g panko;80g panko;80 g panko
40 g honing;40g honing;40 g honing
100 ml ketjap manis;100ml ketjap manis;100 ml ketjap manis
1 el zwarte peperbollen;1 el zwarte peperbollen;1 el zwarte peperbollen
300 g braambessen;300g braambessen;300 g braambessen
4 klein vastkokende aardappel;4 klein vastkokende aardappels;4 aardappelen
little gem (slaharten);little gem;Little Gem sla
400 g gekookte ham (sneetjes);400g gekookte ham sneetjes;400 g gekookte ham
0.5 koffiel grenadine;0.5 koffielepel grenadine;0,5 kg grenadine
4 cl cognac;4cl cognac;4 cl cognac
10 g groene-aspergepunten;10g groene-aspergepunten;10 g groene aspergepunten
100 g boter;100g boter;100 g boter
20 champignons;20 champignons;20 champignons
6 smarties rode;6 smarties rode;6 smarties rode
300 g seitan blok;300g seitan blok;300 g seitan
1 kg kalkoengebraad;1kg kalkoengebraad;1 kg gekookte kool
200 g broccolirijst;200g broccolirijst;200 g rist
1 takjes kervel;1 takje kervel;1 takje kervel
200 g spirelli tricolore;200g spirelli tricolore;200 g spirelli tricolore
4 blikje ansjovis;4 blikjes ansjovis;4 ansjovis blikjes
1 kg mascarpone;1kg mascarpone;1 kg mascarpone
3 eetl mayonaise of plantaardig alternatief voor yoghurt op basis van kokos;3 eetlepels mayonaise;3 eetl mayonaise
2 el suikerpoeder;2 el suikerpoeder;2 el suikerpoeder
5 pruimen grote;5 pruimen;5 pruimen
10 gedroogde tomaten (versmarkt) + de olie uit de verpakking;10 gedroogde tomaten versmarkt;10 gedroogde tomaten
4 eetl. patisseriebloem;4 eetl. patisseriebloem;4 eetl. patisseriebloem
rode uien;rode uien;rode uien
8 kastanjechampignon;8 kastanjechampignons;8 kastanjechampignon
1 kleine spitskool;1 kleine spitskool;1 spitskool
0.5 kg aardappelen;500g aardappelen;0.5 kg aardappelen
10 g verse gember;10g verse gember;10 g verse gember
70 g rode pesto (versmarkt);70g rode pesto versmarkt;70 g rode pesto
120 g verse garnalen;120g verse garnalen;120 g verse garnalen
1 eetl chilisaus facultatief;1 eetlepel chilisaus;1 eetlepel chilisaus
400 g nestnoedels;400g nestnoedels;400 g nestnoedels
0.5 verpakkingen rucola;0.5 verpakkingen rucola;0.5 verpakking rucola
2 peren Durondeau;2 peren Durondeau;2 peren
550 g artisjokken met steel ( bokaal) (+ 3 eetl olie uit de verpakking;550g artisjokken in bokaal;550 g artisjokken met steel
0.3 rol bladerdeeg (vers);0.3 rol bladerdeeg vers;300 g bladerdeeg
0.16 knolselder;0.16 knolselder;0.16 knolselder
3 grote courgettes;3 grote courgettes;3 courgettes
1 el zoete chilisaus;1 el zoete chilisaus;1 el zoete chilisaus
12 lasagnevellen;12 lasagnevellen;12 lasagna-vellen
800 g varkensstoofvlees (beenhouwerij);800g varkensstoofvlees beenhouwerij;800 g varkensstoofvlees
35 g groenepeperbolletjes bokaal;35g groenepeperbolletjes in bokaal;35 g groene peperbolletjes
1 gebraden van koteletten (beenhouwerij);1 gebraden van koteletten beenhouwerij;1 gebraden kotelette
2 blokjes vetarme kippenbouillon;2 blokjes vetarme kippenbouillon;2 blokjes kippenbouillon
250 g blauwe kaas;250g blauwe kaas;250 g blauwe kaas
2 el kruidenkaas;2 el kruidenkaas;2 el kruidenkaas
25 g tournedos (beenhouwerij);25g tournedos beenhouwerij;Tournedos 25 g
1 beschuit;1 beschuit;1 beschuit
265 g pure chocolade;265g pure chocolade;265 g pure chocolade
500 g patisseriebloem;500g patisseriebloem;500 g patisseriebloem
4 Turkse broodjes;4 Turkse broodjes;4 Turkse broodjes
1 el ras el hanout;1 el ras el hanout;ras el hanout
1 rollen bladerdeeg (diepvries);1 rol bladerdeeg diepvries;1 rol bladerdeeg
345 g bloem;345g bloem;345 g bloem
500 g runderwangen;500g runderwangen;500 g runderwangen
3 limoen;3 limoen;3 limoenen
1 eetl. zeewiertapenade;1 eetlepel zeewiertapenade;1 eetl. zeewiertapenade
165 ml kokosmelk (blik);165ml kokosmelk in blik;165 ml kokosmelk
2 el yoghurt;2 el yoghurt;2 el yoghurt
8 tortillawrap;8 tortillawraps;8 tortillawrap
20 cl sinaasappellimonade;20cl sinaasappellimonade;20 cl sinaasappellimonade
6 dl cranberrydrink;6dl cranberrydrink;600 ml cranberrydrink
0.5 koffielepel gedroogde chilipepervlokjes;0.5 koffielepel gedroogde chilipepervlokjes;1 koffielepel gedroogde chilipepervlokjes
500 g zoetzure saus met ananas en groenten in bokaal;500g zoetzure saus met ananas en groenten in bokaal;500 g zoetzure saus
5 plakje chorizo;5 plakjes chorizo;5 plakjes chorizo
1.5 cl droge witte wijn;1.5cl droge witte wijn;1.5 cl droge witte wijn
8 porties diepvries bladspinazie;8 porties diepvries bladspinazie;8 porties bladspinazie diepvries
340 g pastasaus Pecorino-Look;340g pastasaus Pecorino-Look;340 g pastasaus
600 g gesneden prei (diepvries);600g gesneden prei diepvries;600 g gesneden prei
300 g erwten (diepvries);300g erwten diepvries;300 g erwten
1 handvol pistachenoten;1 handvol pistachenoten;1 handvol pistachenoten
1 kl witte peper;1 kl witte peper;1 kl witte peper
12 kiwibessen;12 kiwibessen;12 kiwibessen
5 g verse bladpeterselie;5g verse bladpeterselie;5 g verse peterselie
6 sneetje Ganda-ham (vers);6 sneetjes Ganda-ham vers;6 stukjes Ganda-ham
15 cl cider Belgische;15cl cider Belgische;15 cl cider
25 ml citroensap;25ml citroensap;25 ml citroensap
1 plantjes bieslook (diepvries);1 plantje bieslook diepvries;1 plantje bieslook
32 Spar mosselen;32 Spar mosselen;32 mosselen
aluminiumfolie of carta folie;aluminiumfolie;aluminiumfolie
1 Boni Selection krab;1 Boni Selection krab;1 Boni Selection krab
3 eetl ahornsiroop of vloeibare honing;3 eetlepels ahornsiroop;3 eetl honing
400 g shiitake;400g shiitake;400 g shiitake
1 verpakking feta;1 verpakking feta;1 verpakking feta
4 hamburgerbroodjes Maxi;4 hamburgerbroodjes Maxi;4 hamburgerbroodjes
300 gekookte kreeften (diepvries) ± 300 g elk;300 gekookte kreeften diepvries;300 gekookte kreeften diepvries
5 vel brickdeeg;5 vel brickdeeg;5 vellen brikdeeg
2 el;2 el;"Ik neem aan dat het om 2 el olie gaat. Als dat niet het geval is, geef dan even een reactie.

Olantis extra mogelijkheid:
2 el olie"
2 stengels witte selder;2 stengels witte selder;2 stengels witte selder
3 zoetzure augurk;3 zoetzure augurk;1 zoetzure augurk
250 g zeezout;250g zeezout;250 g zeezout
2 dl Blanche de Namur (witbier);200ml Blanche de Namur witbier;2 dl Blanche de Namur
takjes verse tijm;takjes verse tijm;takjes verse tijm
6 blauwe bessen;6 blauwe bessen;6 blauwe bessen
300 g tomatenvlees met groenten (bokaal);300g tomatenvlees met groenten in bokaal;300 g tomatenvlees
scheutje rode wijnazijn;scheutje rode wijnazijn;1 scheutje rode wijnazijn
1 eetl Mexicaanse chili (kruidenmix);1 eetlepel Mexicaanse chili kruidenmix;1 eetl Mexicaanse chili (kruidenmix)
2 eetl volle yoghurt natuur;2 eetlepels volle yoghurt natuur;2 eetl yoghurt
1 koffiel knoflookpasta met zonnebloemolie;1 koffielepel knoflookpasta met zonnebloemolie;1 knoflookpasta met zonnebloemolie
8 g kandijsiroop;8g kandijsiroop;8 gram kandijsiroop
zwarte olijven zonder pit;zwarte olijven zonder pit;zwarte olijven
8 verse korianderblaadjes;8 verse korianderblaadjes;8 korianderblaadjes
gegaarde witlofstronkjes;gegaarde witlofstronkjes;witlofstronkjes
2.5 eetl. sumakpoeder;2.5 eetl. sumakpoeder;2.5 eetl. sumakpoeder
4 eetlepels muntsiroop;4 eetlepels muntsiroop;4 eetlepels munsjtroop
1 geitenkaas stronkje;1 geitenkaas stronkje;1 geitenkaas
420 g mini-krielaardappelen met marinade;420g mini-krielaardappelen met marinade;420 g mini-krielaardappelen
1 kop quinoa;1 kop quinoa;1 kop quinoa
6 grote vastkokende aardappelen;6 grote vastkokende aardappelen;6 aardappelen
Dr Oetker chocoladestiften wit;Dr Oetker chocoladestiften wit;Dr. Oetker chocoladestiften
1 verpakkingen waterkers;1 verpakking waterkers;1 verpakking waterkers
0.25 venkels;0.25 venkels;0.25 kg venkel
0.5 kl kruidnagel;0.5kl kruidnagel;0,5 kg kruidnagel
3 wittewijnazijn;3 wittewijnazijn;3 wittewijnazijn
5 wittewijnazijn;5 wittewijnazijn;5 wittewijnazijn
18 halfgedroogde kerstomaten in olie (versmarkt);18 halfgedroogde kerstomaten in olie versmarkt;18 kerstomaten in olie
1.5 koppen rijst;1.5 koppen rijst;1.5 kg rijst
2 eetl. zachte mosterd;2 eetl. zachte mosterd;2 eetlepel zachte mosterd
0.5 bosjes verse peterselie;0.5 bosjes verse peterselie;0,5 bosje verse peterselie
250 g pruimtomaten kleine;250g pruimtomaten;250 g pruimtomaten
bloemkolen;1 bloemkool;bloemkolen
4 Boni bio citroenen;4 Boni bio citroenen;4 citroenen (Bio)
0.5 schaaltje waterkers;0.5 schaaltje waterkers;0.5 schaaltje waterkers
5 eieren;5 eieren;5 eieren
babypeertjes (bokaal);babypeertjes (bokaal);Babypeertjes
2 verpakkingen Braziliaanse bakpatatjes;2 verpakkingen Braziliaanse bakpatatjes;2 pakketten Braziliaanse bakpatatjes
15 witte asperge;15 witte asperges;15 asperges
6 stengel bleekselder;6 stengels bleekselder;6 stengels bleekselder
80 g mango;80g mango;80 g mango
125 ml zure room;125ml zure room;125 ml zure room
1 eetl olijfolie extra vierge voor de risotto;1 eetlepel olijfolie extra vierge;1 eetl olijfolie extra vierge
70 g fijne suiker;70g fijne suiker;70 g fijne suiker
1 dl runderfond (bokaal);1 dl runderfond in bokaal;1000 ml runderfond
110 g halfgedroogde tomaten;110g halfgedroogde tomaten;110 g halvedroogde tomaten
2 verpakkingen pizzadeeg;2 verpakkingen pizzadeeg;2 pakketten pizzadeeg
600 g Alaska pollak (diepvries);600g Alaska pollak diepvries;600 g Alaska pollock
2 belgica-appelen;2 belgica-appelen;2 Belgica-appelen
250 g Alaska pollak (diepvries);250g Alaska pollak diepvries;250 g Alaska pollak
80 g panko;80g panko;80 g panko
40 g honing;40g honing;Honing, 40 g
100 ml ketjap manis;100ml ketjap manis;100 ml ketjap manis
1 el zwarte peperbollen;1 el zwarte peperbollen;1 el zwarte peper
300 g braambessen;300g braambessen;300 g braambessen
4 klein vastkokende aardappel;4 klein vastkokende aardappels;4 aardappelen
little gem (slaharten);little gem;Little Gem slawart
400 g gekookte ham (sneetjes);400g gekookte ham sneetjes;400 g gekookte ham
0.5 koffiel grenadine;0.5 koffielepel grenadine;0.5 kilogram koffiel
4 cl cognac;4cl cognac;4 cl cognac
10 g groene-aspergepunten;10g groene-aspergepunten;10 g groene aspergepunten
100 g boter;100g boter;100 g boter
20 champignons;20 champignons;20 champignons
6 smarties rode;6 smarties rode;6 smarties
300 g seitan blok;300g seitan blok;300 g seitan
1 kg kalkoengebraad;1kg kalkoengebraad;1 kg kalkoen
200 g broccolirijst;200g broccolirijst;200 g broccolirijst
1 takjes kervel;1 takje kervel;1 takjes kervel
200 g spirelli tricolore;200g spirelli tricolore;200 g spirelli tricolore
4 blikje ansjovis;4 blikjes ansjovis;4 blikje ansjovis
1 kg mascarpone;1kg mascarpone;1 kg mascarpone
3 eetl mayonaise of plantaardig alternatief voor yoghurt op basis van kokos;3 eetlepels mayonaise;3 eetl mayonaise
2 el suikerpoeder;2 el suikerpoeder;2 el suikerpoeder
5 pruimen grote;5 pruimen;5 grote pruimen
10 gedroogde tomaten (versmarkt) + de olie uit de verpakking;10 gedroogde tomaten versmarkt;10 gedroogde tomaten
4 eetl. patisseriebloem;4 eetl. patisseriebloem;400 g patisseriebloem
rode uien;rode uien;1 rode uie
8 kastanjechampignon;8 kastanjechampignons;8 kastanjechampignon
1 kleine spitskool;1 kleine spitskool;1 kleine spitskool
0.5 kg aardappelen;500g aardappelen;0.5 kg aardappelen
10 g verse gember;10g verse gember;10 g verse gember
70 g rode pesto (versmarkt);70g rode pesto versmarkt;70 g rode pesto
120 g verse garnalen;120g verse garnalen;120 g verse garnalen
1 eetl chilisaus facultatief;1 eetlepel chilisaus;1 eetl chilisaus
400 g nestnoedels;400g nestnoedels;400 g nestnoedels
0.5 verpakkingen rucola;0.5 verpakkingen rucola;0.5 verpakking rucola
2 peren Durondeau;2 peren Durondeau;2 peren
550 g artisjokken met steel ( bokaal) (+ 3 eetl olie uit de verpakking;550g artisjokken in bokaal;550 g artisjokken
0.3 rol bladerdeeg (vers);0.3 rol bladerdeeg vers;0.3 kg bladerdeeg
0.16 knolselder;0.16 knolselder;160 g knolselder
3 grote courgettes;3 grote courgettes;3 courgettes
1 el zoete chilisaus;1 el zoete chilisaus;1 el zoete chilisaus
12 lasagnevellen;12 lasagnevellen;12 lasagnevellen
800 g varkensstoofvlees (beenhouwerij);800g varkensstoofvlees beenhouwerij;800 g varkensstoofvlees
35 g groenepeperbolletjes bokaal;35g groenepeperbolletjes in bokaal;35 g groene peperbolletjes
1 gebraden van koteletten (beenhouwerij);1 gebraden van koteletten beenhouwerij;1 gebraden kotelet
2 blokjes vetarme kippenbouillon;2 blokjes vetarme kippenbouillon;2 blokjes vetarme kippenbouillon
250 g blauwe kaas;250g blauwe kaas;250 g blauwe kaas
2 el kruidenkaas;2 el kruidenkaas;2 el kruidenkaas
25 g tournedos (beenhouwerij);25g tournedos beenhouwerij;25 g tournedos
1 beschuit;1 beschuit;1 beschuit
265 g pure chocolade;265g pure chocolade;265 g pure chocolade
500 g patisseriebloem;500g patisseriebloem;500 g patisseriebloem
4 Turkse broodjes;4 Turkse broodjes;4 Turkse broodjes
1 el ras el hanout;1 el ras el hanout;1 el ras el hanout
1 rollen bladerdeeg (diepvries);1 rol bladerdeeg diepvries;1 rollen bladerdeeg
345 g bloem;345g bloem;345 g bloem
500 g runderwangen;500g runderwangen;500 g runderwangen
3 limoen;3 limoen;3 limoenen
1 eetl. zeewiertapenade;1 eetlepel zeewiertapenade;1 eetl. zeewiertapenade
165 ml kokosmelk (blik);165ml kokosmelk in blik;165 ml kokosmelk
2 el yoghurt;2 el yoghurt;2 el yoghurt
8 tortillawrap;8 tortillawraps;8 tortillawrap
20 cl sinaasappellimonade;20cl sinaasappellimonade;20 cl sinaasappellimonade
6 dl cranberrydrink;6dl cranberrydrink;600 ml cranberrydrink
0.5 koffielepel gedroogde chilipepervlokjes;0.5 koffielepel gedroogde chilipepervlokjes;0.5 koffielepel chilipepervlokjes
500 g zoetzure saus met ananas en groenten in bokaal;500g zoetzure saus met ananas en groenten in bokaal;500 g zoetzure saus
5 plakje chorizo;5 plakjes chorizo;5 reepjes chorizo
1.5 cl droge witte wijn;1.5cl droge witte wijn;1.5 cl wijn
8 porties diepvries bladspinazie;8 porties diepvries bladspinazie;8 porties bladspinazie
340 g pastasaus Pecorino-Look;340g pastasaus Pecorino-Look;340 g pastasaus
600 g gesneden prei (diepvries);600g gesneden prei diepvries;600 g gesneden prei
300 g erwten (diepvries);300g erwten diepvries;300 g erwten
1 handvol pistachenoten;1 handvol pistachenoten;1 handvol pistachenoten
1 kl witte peper;1 kl witte peper;1 kl witte peper
12 kiwibessen;12 kiwibessen;12 kiwibessen
5 g verse bladpeterselie;5g verse bladpeterselie;5 g verse peterselie
6 sneetje Ganda-ham (vers);6 sneetjes Ganda-ham vers;6 sneetjes Ganda-ham
15 cl cider Belgische;15cl cider Belgische;15 cl cider
25 ml citroensap;25ml citroensap;25 ml citroensap
1 plantjes bieslook (diepvries);1 plantje bieslook diepvries;1 pakket plantjes bieslook diepvries
32 Spar mosselen;32 Spar mosselen;32 mosselen
aluminiumfolie of carta folie;aluminiumfolie;Aluminiumfolie
1 Boni Selection krab;1 Boni Selection krab;1 krab
3 eetl ahornsiroop of vloeibare honing;3 eetlepels ahornsiroop;3 eetl ahornsiroop
400 g shiitake;400g shiitake;400 g shiitake
1 verpakking feta;1 verpakking feta;Feta (1 verpakking)
4 hamburgerbroodjes Maxi;4 hamburgerbroodjes Maxi;4 hamburgerbroodjes
300 gekookte kreeften (diepvries) ± 300 g elk;300 gekookte kreeften diepvries;300 gekookte kreeften diepvries
5 vel brickdeeg;5 vel brickdeeg;5 vellen brickdeeg
2 el;2 el;"Geen ingredi�ntlijstfuncsie zonder hoeveelheid en eenheid. Kroon juist op!

2 el olie"
2 stengels witte selder;2 stengels witte selder;2 stengels witte selder
3 zoetzure augurk;3 zoetzure augurk;3 zoetzure augurk
250 g zeezout;250g zeezout;250 g zeezout
2 dl Blanche de Namur (witbier);200ml Blanche de Namur witbier;200 ml Blanche de Namur
takjes verse tijm;takjes verse tijm;Takjes verse tijm
6 blauwe bessen;6 blauwe bessen;6 blauwe bessen
300 g tomatenvlees met groenten (bokaal);300g tomatenvlees met groenten in bokaal;300 g tomatenvlees
scheutje rode wijnazijn;scheutje rode wijnazijn;Scheutje rode wijnazijn
1 eetl Mexicaanse chili (kruidenmix);1 eetlepel Mexicaanse chili kruidenmix;"1 eetl Mexicaanse chili>\<br style=""color: #666; font-size: 14px; font-family: Arial, sans-serif;"">"
2 eetl volle yoghurt natuur;2 eetlepels volle yoghurt natuur;2 eetl volle yoghurt
1 koffiel knoflookpasta met zonnebloemolie;1 koffielepel knoflookpasta met zonnebloemolie;1 koffiel knoflookpasta met zonnebloemolie
8 g kandijsiroop;8g kandijsiroop;8 g kandijsiroop
zwarte olijven zonder pit;zwarte olijven zonder pit;zwarte olijven
250 g gezouten spekblokjes versmarkt;250g gezouten spekblokjes versmarkt;250 g gezouten spek
0.5 kop bloem;0.5 kop bloem;500 g bloem
6 honingtomaatjes;6 honingtomaatjes;6 honingtomaatjes
6 el bloemsuiker;6 el bloemsuiker;6 gram bloemsuiker
2 komkommer;2 komkommers;2 komkommers
130 g voorgekookte tarwegraantjes;130g voorgekookte tarwegraantjes;130 g voorgekookte tarwegraantjes
3.5 dl halfvolle melk;350ml halfvolle melk;3,5 dl halfvolle melk
0.33 ananassen;0.33 ananassen;0.33 ananas
1 plantjes verse tijm;1 plantje verse tijm;1 plantjes verse tijm
450 g gekookte rode biet;450g gekookte rode biet;450 g gekookte rode biet
3 sneetje toastbrood;3 sneetjes toastbrood;3 sneetjes toastbrood
200 g blauwgeaderde kaas;200g blauwgeaderde kaas;200 g blauwgeaderde kaas
1.2 kg gepelde tomaten (blik);1.2kg gepelde tomaten in blik;1.2 kg tomaten in blik
1 el gedroogde tijm;1 el gedroogde tijm;1 el gedroogde tijm
200 g boekweitmeel volkoren;200g boekweitmeel volkoren;200 g boekweitmeel
4 bollen mojitosorbet (diepvries);4 bollen mojitosorbet diepvries;4 bollen mojitosorbet
6 verse fijne lasagnebladen;6 verse lasagnebladen;6 lasagnebladen
4 kalfsescalopes (beenhouwerij);4 kalfsescalopes beenhouwerij;4 kalfsescalopes
2 koffielepel komijnzaadjes;2 koffielepels komijnzaadjes;2 koffielepeltjes komijnzaadjes
2 koffiel Provençaalse kruidenmix (molen);2 koffiel Provençaalse kruidenmix (molen);2 koffiel Proven�aalse kruidenmix
1.5 kg aardappelnootjes (diepvries);1.5kg aardappelnootjes diepvries;1.5 kg aardappelnootjes
100 g walnootpitten;100g walnootpitten;100 g walnootpitten
200 g vermicelli;200g vermicelli;200 g vermicelli
4 dl magere melk;400ml magere melk;400 ml magere melk
165 g boudoirs (lange vingers);165g boudoirs;165 g boudoirs
10 el zonnebloemolie;10 el zonnebloemolie;10 g zonnebloemolie
200 g gemengd gehakt;200g gemengd gehakt;200 g gehakt
400 g pasta naar keuze;400g pasta;400 g pasta
400 g macaroni volkoren;400g macaroni volkoren;400 g macaroni
700 ml rundbouillon;700ml rundbouillon;700 ml rundbouillon
1 takjes koriander;1 takje koriander;1 tak koriander
Romeinse slaharten;Romeinse slaharten;Romeinse sla
verse kokosnootstukjes;verse kokosnootstukjes;verse kokosnootstukjes
1 l Heide Atelier vanilleroomijs;1 l Heide Atelier vanilleroomijs;1 l vanilleroomijs
1 dl droge vermouth;1 dl droge vermouth;1 dl droge vermouth
200 g Atlantische zalmsteaks (diepvries) of zalmhaasjes;200g Atlantische zalmsteaks diepvries;200 g zalmsteaks
250 broccoli's of 400 g broccoliroosjes (diepvries);250 broccoli's;400 g broccoliroosjes diepvries
300 g Alaska-pollakfilets (diepvries);300g Alaska-pollakfilets diepvries;300 g Alaska-pollakfilets
12 Spar Frozen Selection rösti;12 stuks Spar Frozen Selection rösti;12 r�sti
8 eetlepel diepvries rode vruchten;8 eetlepels diepvries rode vruchten;8 eetlepels rode vruchten diepvries
1.5 el rietsuikersiroop;1.5 el rietsuikersiroop;1.5 el rietsuikersiroop
7 dl water;700ml water;700 ml water
4 eetl. verse geitenkaas;4 eetl. verse geitenkaas;4 eetl. geitenkaas
3 passievrucht;3 passievrucht;3 passies
2 spieringen (beenhouwerij);2 spieringen beenhouwerij;2 spieringen
6 takjes verse rozemarijn;6 takjes verse rozemarijn;6 takjes rozemarijn
2 blaadjes kropsla;2 blaadjes kropsla;2 blaadjes kropsla
4 cigarette koekjes;4 cigarette koekjes;4 cigarette koekjes
1 slamix Mesclun;1 slamix Mesclun;1 slamix
0.5 miniwatermeloen;0.5 miniwatermeloen;0,5 miniwatermeloen
1.5 dl hazelnoot-amandeldrink;150ml hazelnoot-amandeldrink;1.5 dl hazelnoot-amandeldrink
40 g pompoenpitten;40g pompoenpitten;40 g pompoenpitten
400 g spirelli of andere korte pasta;400g spirelli;400 g pasta
4 sneden belegen kazen;4 sneden belegen kaas;4 sneden belegde kazen
100 g rode vruchtenmix (diepvries);100g rode vruchtenmix diepvries;100 g rode vruchtenmix
100 g boekweitbloem;100g boekweitbloem;100 g boekweitbloem
1 koppen bloem;1 kop bloem;1 koppen bloem
4 stukken zeewolffilets (diepvries) van ongeveer 20 cm lang;4 stukken zeewolffilets diepvries;4 stukken zeewolffilets
3 eetl sojadrinks;3 eetl sojadrink;3 eetl soja
150 g groene linzen;150g groene linzen;150 g linzen
230 g gerookte forelfilets;230g gerookte forelfilets;230 g gerookte forelfilets
100 g Nazareth-kaas of andere abdijkaas;100g Nazareth-kaas;100 g Nazareth-kaas
6 sneetjes ontvette gekookte hesp (beenhouwerij);6 sneetjes ontvette gekookte hesp beenhouwerij;6 sneetjes ontvette hesp
340 g witte chocolade;340g witte chocolade;340 g witte chocolade
70 g amandelpoeder;70g amandelpoeder;70 g amandelpoeder
1 g zalmfilet;1g zalmfilet;1 g zalmfilet
680 g kikkererwten (blik);680g kikkererwten in blik;680 g kikkererwten
1 verpakking chop choy wok;1 verpakking chop choy wok;1 verpakking Chop Choy
10 druiven;10 druiven;10 druiven
50 g gemalen parmezaan;50g gemalen parmezaan;50 g parmezaan
4 bosjes waterkers;4 bosjes waterkers;4 bosjes waterkers
1 Turks plat brood;1 Turks plat brood;1 Turks plat brood
0.5 stengel selder;0.5 stengel selder;1 stengel selder
200 g witte druiven;200g witte druiven;200 g witte druiven
6 hamburgers rund + varken (beenhouwerij);6 hamburgers rund + varken (beenhouwerij);6 hamburgers
2 dunne lendes;2 dunne lendes;2 dunne lenden
140 g tomatenpuree (blikje);140g tomatenpuree in blik;140 g tomatenpuree
5 g agar agar;5g agar agar;5 g agar agar
500 g verse pasta bv tagliatelle;500g verse pasta;500 g tagliatelle pasta
185 g rodebietenspread;185g rodebietenspread;185 g rodebietenspread
5 cl melk;5cl melk;5 cl melk
250 g zalm;250g zalm;250 g zalm
40 g zeezout;40g zeezout;40 g zeezout
2 kl kappertjes (bokaal);2 kl kappertjes in bokaal;2 kappertjes
200 g fajitasaus (bokaal);200g fajitasaus in bokaal;200 g fajitasaus
40 g suiker;40g suiker;40 g suiker
1.5 koffielepels tomatenpuree;1.5 koffielepels tomatenpuree;1.5 koffielepels tomatenpuree
800 g suiker;800g suiker;800 g suiker
16 Boni Selection zwarte olijven;16 Boni Selection zwarte olijven;16 zwarte olijven
4 gele courgettini;4 gele courgettini;4 gele courgettini
1.5 blokje kippenbouillon;1.5 blokjes kippenbouillon;1.5 kg kippenbouillon
1 grote bos verse dille;1 grote bos verse dille;1 bos verse dille
4 kl citroensap;4kl citroensap;4 kl citroensap
15 ml rijstazijn;15ml rijstazijn;15 ml rijstazijn
60 g ricotta;60g ricotta;60 g ricotta
1 koffiel dille (gedroogd);1 koffielepel dille gedroogd;1 koffielepel dille
33 cl bruin bier naar keuze;33cl bruin bier;33 cl bier
12 witte druiven;12 witte druiven;12 witte druiven
700 g tomaten;700g tomaten;700 g tomaten
4 kippenbrochettes exotic (beenhouwerij);4 kippenbrochettes exotic beenhouwerij;4 kippenbrochettes
3 Voor  quiches met zalm en groenten:;3 Voor quiches met zalm en groenten;(Maakt geen sense om een ingredi�ntlijn te maken voor het particuliere gebruik van 3 quiches, maar kan helpen om de ingredi�ntenlijst voor de quiche zelf)
4 spruitjes;4 spruitjes;4 spruitjes
8 kerstomaat;8 kerstomaat;8 kerstomaat
100 g zongedroogde mediterrane tomaten (versmarkt);100g zongedroogde mediterrane tomaten versmarkt;100 g zongedroogde mediterrane tomaten
4 chocolademoelleuxs;4 chocolademoelleuxs;4 chocolademoelleuxs
200 g peultjes (diepvries);200g peultjes diepvries;200 g peultjes
4 peperkoek;4 peperkoek;4 peperkoek
6 takje platte peterselie;6 takjes platte peterselie;6 takjes peterselie
scheutje wijnazijn;scheutje wijnazijn;Scheutje wijnazijn
2 bos kervel;2 bossen kervel;2 bos kervel
20 suikereitjes;20 suikereitjes;20 suikereitjes
8 takjes verse tijm;8 takjes verse tijm;8 takjes tijm
0.5 bevroren banaan;0.5 bevroren banaan;0,5 bevroren banaan
0.5 kleine appel;0.5 appel;0.5 kleine appel
2 eetlepel fijngesneden munt;2 eetlepels munt;2 eetlepel fijn geraspte munt
10 grote aardperen;10 aardperen;10 grote aardperen
8 grote Charlotte aardappelen;8 Charlotte aardappelen;8 Charlotte aardappelen
8 grote tongfilet;8 tongfilet;8 tongfilet
1.5 eetlepels geraspte gember;1.5 eetlepels gember;1 eetlepel geraspte gember
50 g witte broden zonder korst;50g witte broden;50 g witte broden
1 grote rijpe avocado;1 avocado;1 avocado
3 kleine komkommers;3 komkommers;3 komkommers
12.5 cl lauw water;12.5cl water;12,5 cl water
20 aardappelkroketten voor in de oven (diepvries);20 aardappelkroketten diepvries voor in de oven;20 aardappelkroketten
8 el verse kaas (roomkaas);8 el verse roomkaas;8 el roomkaas
4 stuk Spar champignons;4 stuk Spar champignons;4 stukken champignons
1 klein blik Spar tomatenstukjes;1 klein blik Spar tomatenstukjes;1 blik tomatenstukjes
0.5 flesje tonic (gin-tonic framboos);0.5 flesje tonic;1 flesje tonic
2 Boni bio kleine uien;2 Boni bio uien;2 kleine uien bio
12 fijne sneden Spar Italiaanse ham;12 sneden Spar Italiaanse ham;12 sneden Italiaanse ham
5 Spar grote eidooiers;5 Spar eidooiers;5 grote eidooiers
500 g Spar gerookte zalmrestjes;500g Spar gerookte zalm;500 g gerookte zalmrestjes
100 g witte asperges vers of diepvries;100g witte asperges vers;100 g witte asperges
750 g Spar boter (topping);750g Spar boter;750 g boter
1.5 liter zelf getrokken kippenbouillon;1.5 liter kippenbouillon;1.5 liter kippenbouillon
270 g halfgedroogde kerstomaten in olie (versmarkt) + 4 eetl. olie uit de verpakking;270g halfgedroogde kerstomaten in olie versmarkt;270 g halfgedroogde kerstomaten in olie
3 cl puur cranberrysap bv Terschellinger;3cl puur cranberrysap;3 cl cranberrysap
10 witte asperges (diepvries) of vers;10 witte asperges;10 asperges
200 g paprikareepjes vers of diepvries;200g paprikareepjes;200 g paprikareepjes
2 kleine sjalotjes;2 sjalotjes;2 sjalotjes
2 komkommer in plakjes;2 komkommers;2 komkommer-plakjes
3 preiwitten groot;3 preiwitten;3 preiwortels
1 fles gekoelde Chardonnay;1 fles Chardonnay;1 fles Chardonnay
500 g Belgische aardbeien;500g Belgische aardbeien;500 g Belgische aardbeien
0.25 onbehandelde citroenen (bio)  koffiel geraspte schil;0.25 citroenen bio;0.25 onbehandelde citroenen
1 grote rammenas (ongeveer 350 gr);350g rammenas;1 grote rammenas (ongeveer 350 g)
0.5 eetlepel fijngesneden verse basilicum;0.5 eetlepel verse basilicum;0.5 eetlepel fijngesneden basilicum
"350 g Atlantische zalmhaasjes (diepvries) of Atlantische zalmsteak (diepvries; Kelvin)";350g Atlantische zalmhaasjes diepvries;350 g Atlantische zalm
1 koffiel. basilicum versgesnipperd;1 koffielepel basilicum;1 l basilicum
0.25 sap van  limoen;0.25 limoen;250 ml limoensap
20 gepelde en geblancheerde garnaalstaarten 'scampi' (diepvries);20 gepelde en geblancheerde scampi diepvries;20 gepelde en geblancheerde garnaalstaarten
1 zakjes slamix 'Mesclun' 175 g;175g zakje slamix 'Mesclun';175 g Mesclun
1 dl Muscat de Rivesaltes (witte likeurwijn);1 dl Muscat de Rivesaltes;1 dl Muscat de Rivesaltes
411 blikken peren op sap 411 g/blik + 6 dl sap uit blikken;411g blikken peren op sap;441 g peren op sap
450 gekookte kreeften (diepvries) 500 g;500g gekookte kreeften diepvries;450 g gekookte kreeften diepvries
500 g zachte roomkaas;500g roomkaas;500 g zachte roomkaas
60 g arrowroot (bindmiddel) facultatief;60g arrowroot bindmiddel;60 g arrowroot
17.5 g mixed pepper selection (molen);17.5g mixed pepper selection;17.5 g mengsel wit- en groene pepers
1 klein blikjes Boni zwarte bonen;1 klein blik Boni zwarte bonen;1 blik zwarte bonen
300 g gekookte spaghetti;300g spaghetti;300 g spaghetti
het hart van een bleekselder ( à 5 stengels);5 stengels bleekselder;1 hart bleekselder (5 stengels)
komkommers in plakjes;komkommers;komkommers
1.8 kg konijn in stukken gesneden;1.8kg konijn;1,8 kg konijn
enkele takken verse dragon en tijm;enkele takken verse dragon;Verse dragon, verse tijm
1 kg scampi’s (enkel schalen gebruiken);1kg scampi's;1 kg scampi
700 g biefstukken (beenhouwerij) extra dun;700g biefstukken beenhouwerij ;700 g biefstuk bezuinigd
2 dl melk of ongezoete plantaardige drink;200ml melk;melk (2 dl)
"10 ananasschijven (blik) + 1;5 dl sap uit het blik";10 ananasschijven in blik;10 ananasschijven (blik)
10 appel geschild en in blokjes;10 appels;10 appels
"10 konijn in stukken (diepvries) ± 1;3 kg";1.3kg konijn uit diepvries;1,3 kg konijn (diepvries)
"1 schapenkaas uit de vlaamse ardennen; geraspt of in blokjes";1 stuk schapenkaas uit de Vlaamse Ardennen;1 schapenkaas uit de Vlaamse Ardennen
10 eetl. ontpitte krieken op siroop + 4 eetl siroop;10 eetl. ontpitte krieken op siroop;10 eetl ontpitte krieken 100 g + 4 eetl siroop
"10 g gepelde biefstukken (beenhouwerij) 3 cm dik; cat. 1; vers of; colruyt-diepvriesvlees";10g biefstukken beenhouwerij;10 g biefstukken
1 snuifje peper en zout;1 snuifje peper;"peper
zout"
